{
  "model": "claude-haiku-4-5-20251001",
  "timestamp": "2026-03-10 06:47:45",
  "categories": {
    "multi_turn_base": {
      "category": "multi_turn_base",
      "total": 200,
      "correct": 99,
      "accuracy": 0.495,
      "input_tokens": 7514005,
      "output_tokens": 203666,
      "total_tokens": 7717671,
      "api_calls": 1842,
      "cost": 6.825868,
      "latency_mean_s": 14.086643143892289,
      "latency_sd_s": 5.176405331815339,
      "latency_p95_s": 22.563111305236816
    },
    "multi_turn_miss_func": {
      "category": "multi_turn_miss_func",
      "total": 200,
      "correct": 0,
      "accuracy": 0.0,
      "input_tokens": 7608362,
      "output_tokens": 205129,
      "total_tokens": 7813491,
      "api_calls": 1867,
      "cost": 6.907205599999999,
      "latency_mean_s": 15.127201499938964,
      "latency_sd_s": 5.602996323592965,
      "latency_p95_s": 24.785069942474365
    },
    "multi_turn_miss_param": {
      "category": "multi_turn_miss_param",
      "total": 200,
      "correct": 83,
      "accuracy": 0.415,
      "input_tokens": 8997827,
      "output_tokens": 233468,
      "total_tokens": 9231295,
      "api_calls": 2124,
      "cost": 8.1321336,
      "latency_mean_s": 16.784237129688265,
      "latency_sd_s": 5.895409530506221,
      "latency_p95_s": 26.60766077041626
    },
    "multi_turn_long_context": {
      "category": "multi_turn_long_context",
      "total": 200,
      "correct": 92,
      "accuracy": 0.46,
      "input_tokens": 7542875,
      "output_tokens": 203867,
      "total_tokens": 7746742,
      "api_calls": 1850,
      "cost": 6.849768000000001,
      "latency_mean_s": 14.272412710189819,
      "latency_sd_s": 5.214217627267983,
      "latency_p95_s": 23.32669687271118
    }
  },
  "v4_scores": {
    "non_live": null,
    "hallucination": null,
    "live": null,
    "multi_turn": 0.3425,
    "memory_summary": null,
    "web_search_summary": null,
    "agentic": null,
    "overall": 0.3425,
    "weight_covered": 0.3
  }
}