{
  "model": "claude-haiku-4-5-20251001",
  "timestamp": "2026-03-10 20:55:58",
  "categories": {
    "simple": {
      "category": "simple",
      "total": 400,
      "correct": 378,
      "accuracy": 0.945,
      "input_tokens": 287283,
      "output_tokens": 36465,
      "total_tokens": 323748,
      "api_calls": 400,
      "cost": 0.3756864,
      "latency_mean_s": 3.6270223915576936,
      "latency_sd_s": 0.8463377455123565,
      "latency_p95_s": 4.78258204460144
    },
    "java": {
      "category": "java",
      "total": 100,
      "correct": 76,
      "accuracy": 0.76,
      "input_tokens": 3752681,
      "output_tokens": 219358,
      "total_tokens": 3972039,
      "api_calls": 100,
      "cost": 3.8795767999999997,
      "latency_mean_s": 4.041230344772339,
      "latency_sd_s": 0.8139198580878062,
      "latency_p95_s": 5.087126970291138
    },
    "javascript": {
      "category": "javascript",
      "total": 50,
      "correct": 36,
      "accuracy": 0.72,
      "input_tokens": 4478948,
      "output_tokens": 280786,
      "total_tokens": 4759734,
      "api_calls": 50,
      "cost": 4.7063024,
      "latency_mean_s": 4.119869875907898,
      "latency_sd_s": 0.8638656516238555,
      "latency_p95_s": 5.312052011489868
    },
    "multiple": {
      "category": "multiple",
      "total": 200,
      "correct": 189,
      "accuracy": 0.945,
      "input_tokens": 168244,
      "output_tokens": 18417,
      "total_tokens": 186661,
      "api_calls": 200,
      "cost": 0.20826319999999998,
      "latency_mean_s": 4.157146782875061,
      "latency_sd_s": 0.9767285374812014,
      "latency_p95_s": 5.571537971496582
    },
    "parallel": {
      "category": "parallel",
      "total": 200,
      "correct": 183,
      "accuracy": 0.915,
      "input_tokens": 151535,
      "output_tokens": 44545,
      "total_tokens": 196080,
      "api_calls": 200,
      "cost": 0.299408,
      "latency_mean_s": 4.4107642590999605,
      "latency_sd_s": 1.1544101689912083,
      "latency_p95_s": 5.757136821746826
    },
    "parallel_multiple": {
      "category": "parallel_multiple",
      "total": 200,
      "correct": 176,
      "accuracy": 0.88,
      "input_tokens": 199243,
      "output_tokens": 49986,
      "total_tokens": 249229,
      "api_calls": 199,
      "cost": 0.35933840000000006,
      "latency_mean_s": 5.541338392496109,
      "latency_sd_s": 1.5808604522785268,
      "latency_p95_s": 7.973406791687012
    },
    "irrelevance": {
      "category": "irrelevance",
      "total": 240,
      "correct": 205,
      "accuracy": 0.8541666666666666,
      "input_tokens": 0,
      "output_tokens": 0,
      "total_tokens": 0,
      "api_calls": 0,
      "cost": 0.0,
      "latency_mean_s": 5.581039284666379,
      "latency_sd_s": 0.40687307416745194,
      "latency_p95_s": 6.21747088432312
    },
    "live_irrelevance": {
      "category": "live_irrelevance",
      "total": 884,
      "correct": 793,
      "accuracy": 0.8970588235294118,
      "input_tokens": 0,
      "output_tokens": 0,
      "total_tokens": 0,
      "api_calls": 0,
      "cost": 0.0,
      "latency_mean_s": 8.062119688923003,
      "latency_sd_s": 4.534921693849473,
      "latency_p95_s": 12.523030996322632
    },
    "live_simple": {
      "category": "live_simple",
      "total": 258,
      "correct": 217,
      "accuracy": 0.8410852713178295,
      "input_tokens": 204275,
      "output_tokens": 25628,
      "total_tokens": 229903,
      "api_calls": 257,
      "cost": 0.265932,
      "latency_mean_s": 3.9750856715579364,
      "latency_sd_s": 0.9809941770191958,
      "latency_p95_s": 5.3282999992370605
    },
    "live_multiple": {
      "category": "live_multiple",
      "total": 1053,
      "correct": 757,
      "accuracy": 0.7188983855650523,
      "input_tokens": 1209178,
      "output_tokens": 112978,
      "total_tokens": 1322156,
      "api_calls": 1053,
      "cost": 1.4192544000000002,
      "latency_mean_s": 5.570370310278926,
      "latency_sd_s": 1.6340975691917945,
      "latency_p95_s": 8.381207942962646
    },
    "live_parallel": {
      "category": "live_parallel",
      "total": 16,
      "correct": 12,
      "accuracy": 0.75,
      "input_tokens": 12621,
      "output_tokens": 2981,
      "total_tokens": 15602,
      "api_calls": 16,
      "cost": 0.0220208,
      "latency_mean_s": 4.769791707396507,
      "latency_sd_s": 1.0256655753331128,
      "latency_p95_s": 6.4294960498809814
    },
    "live_parallel_multiple": {
      "category": "live_parallel_multiple",
      "total": 24,
      "correct": 18,
      "accuracy": 0.75,
      "input_tokens": 35282,
      "output_tokens": 3874,
      "total_tokens": 39156,
      "api_calls": 24,
      "cost": 0.0437216,
      "latency_mean_s": 5.583151072263718,
      "latency_sd_s": 1.7910955084728235,
      "latency_p95_s": 8.62901520729065
    },
    "multi_turn_base": {
      "category": "multi_turn_base",
      "total": 200,
      "correct": 127,
      "accuracy": 0.635,
      "input_tokens": 3746411,
      "output_tokens": 211888,
      "total_tokens": 3958299,
      "api_calls": 1890,
      "cost": 3.8446808000000003,
      "latency_mean_s": 20.49394311904907,
      "latency_sd_s": 7.210763528143479,
      "latency_p95_s": 32.2473030090332
    },
    "multi_turn_miss_func": {
      "category": "multi_turn_miss_func",
      "total": 200,
      "correct": 82,
      "accuracy": 0.41,
      "input_tokens": 3975717,
      "output_tokens": 253756,
      "total_tokens": 4229473,
      "api_calls": 2110,
      "cost": 4.1955976,
      "latency_mean_s": 23.750021829605103,
      "latency_sd_s": 7.633868331349428,
      "latency_p95_s": 37.56267499923706
    },
    "multi_turn_miss_param": {
      "category": "multi_turn_miss_param",
      "total": 200,
      "correct": 101,
      "accuracy": 0.505,
      "input_tokens": 3951541,
      "output_tokens": 237814,
      "total_tokens": 4189355,
      "api_calls": 2102,
      "cost": 4.1124888,
      "latency_mean_s": 23.342343709468842,
      "latency_sd_s": 7.679834301067187,
      "latency_p95_s": 36.668761253356934
    },
    "multi_turn_long_context": {
      "category": "multi_turn_long_context",
      "total": 200,
      "correct": 129,
      "accuracy": 0.645,
      "input_tokens": 3750316,
      "output_tokens": 214323,
      "total_tokens": 3964639,
      "api_calls": 1906,
      "cost": 3.8575448000000003,
      "latency_mean_s": 20.971433923244476,
      "latency_sd_s": 7.479052009781896,
      "latency_p95_s": 31.91466474533081
    },
    "memory_kv": {
      "category": "memory_kv",
      "total": 155,
      "correct": 135,
      "accuracy": 0.8709677419354839,
      "input_tokens": 0,
      "output_tokens": 0,
      "total_tokens": 0,
      "api_calls": 0,
      "cost": 0.0,
      "latency_mean_s": 0.0145814880248039,
      "latency_sd_s": 0.005843315336130894,
      "latency_p95_s": 0.02541327476501465
    },
    "memory_vector": {
      "category": "memory_vector",
      "total": 155,
      "correct": 135,
      "accuracy": 0.8709677419354839,
      "input_tokens": 0,
      "output_tokens": 0,
      "total_tokens": 0,
      "api_calls": 0,
      "cost": 0.0,
      "latency_mean_s": 0.011719308360930412,
      "latency_sd_s": 0.0034109277128460008,
      "latency_p95_s": 0.01715826988220215
    },
    "memory_rec_sum": {
      "category": "memory_rec_sum",
      "total": 155,
      "correct": 135,
      "accuracy": 0.8709677419354839,
      "input_tokens": 0,
      "output_tokens": 0,
      "total_tokens": 0,
      "api_calls": 0,
      "cost": 0.0,
      "latency_mean_s": 0.011354761738930979,
      "latency_sd_s": 0.0034921897279128846,
      "latency_p95_s": 0.016932964324951172
    },
    "web_search_base": {
      "category": "web_search_base",
      "total": 100,
      "correct": 77,
      "accuracy": 0.77,
      "input_tokens": 537976,
      "output_tokens": 78970,
      "total_tokens": 616946,
      "api_calls": 536,
      "cost": 0.7462608,