{
  "model": "claude-opus-4-5-20251101",
  "timestamp": "2026-03-11 21:05:45",
  "categories": {
    "simple": {
      "category": "simple",
      "total": 400,
      "correct": 385,
      "accuracy": 0.9625,
      "input_tokens": 287283,
      "output_tokens": 36541,
      "total_tokens": 323824,
      "api_calls": 400,
      "cost": 7.0498199999999995,
      "latency_mean_s": 3.965428817868233,
      "latency_sd_s": 0.9471528186191976,
      "latency_p95_s": 5.699817180633545
    },
    "java": {
      "category": "java",
      "total": 100,
      "correct": 78,
      "accuracy": 0.78,
      "input_tokens": 3759303,
      "output_tokens": 223193,
      "total_tokens": 3982496,
      "api_calls": 100,
      "cost": 73.12902,
      "latency_mean_s": 4.788703932762146,
      "latency_sd_s": 4.60316723420086,
      "latency_p95_s": 6.539830923080444
    },
    "javascript": {
      "category": "javascript",
      "total": 50,
      "correct": 40,
      "accuracy": 0.8,
      "input_tokens": 4478105,
      "output_tokens": 279261,
      "total_tokens": 4757366,
      "api_calls": 50,
      "cost": 88.11615,
      "latency_mean_s": 4.237221217155456,
      "latency_sd_s": 0.8539272786367456,
      "latency_p95_s": 5.352815866470337
    },
    "multiple": {
      "category": "multiple",
      "total": 200,
      "correct": 190,
      "accuracy": 0.95,
      "input_tokens": 168244,
      "output_tokens": 18771,
      "total_tokens": 187015,
      "api_calls": 200,
      "cost": 3.931485,
      "latency_mean_s": 4.194527064561844,
      "latency_sd_s": 1.3791298551114515,
      "latency_p95_s": 5.8899431228637695
    },
    "parallel": {
      "category": "parallel",
      "total": 200,
      "correct": 188,
      "accuracy": 0.94,
      "input_tokens": 151535,
      "output_tokens": 49301,
      "total_tokens": 200836,
      "api_calls": 200,
      "cost": 5.970599999999999,
      "latency_mean_s": 5.398565202951431,
      "latency_sd_s": 1.7344490581635306,
      "latency_p95_s": 7.7760467529296875
    },
    "parallel_multiple": {
      "category": "parallel_multiple",
      "total": 200,
      "correct": 177,
      "accuracy": 0.885,
      "input_tokens": 199243,
      "output_tokens": 52852,
      "total_tokens": 252095,
      "api_calls": 199,
      "cost": 6.952545000000001,
      "latency_mean_s": 5.96227841258049,
      "latency_sd_s": 1.7609268878455073,
      "latency_p95_s": 9.110699892044067
    },
    "irrelevance": {
      "category": "irrelevance",
      "total": 240,
      "correct": 205,
      "accuracy": 0.8541666666666666,
      "input_tokens": 0,
      "output_tokens": 0,
      "total_tokens": 0,
      "api_calls": 0,
      "cost": 0.0,
      "latency_mean_s": 5.601956646641096,
      "latency_sd_s": 0.4059354798067698,
      "latency_p95_s": 6.25959587097168
    },
    "live_irrelevance": {
      "category": "live_irrelevance",
      "total": 884,
      "correct": 793,
      "accuracy": 0.8970588235294118,
      "input_tokens": 0,
      "output_tokens": 0,
      "total_tokens": 0,
      "api_calls": 0,
      "cost": 0.0,
      "latency_mean_s": 7.9208637368085695,
      "latency_sd_s": 4.392022826301174,
      "latency_p95_s": 12.220079898834229
    },
    "live_simple": {
      "category": "live_simple",
      "total": 258,
      "correct": 225,
      "accuracy": 0.872093023255814,
      "input_tokens": 204275,
      "output_tokens": 26249,
      "total_tokens": 230524,
      "api_calls": 257,
      "cost": 5.0328,
      "latency_mean_s": 4.0027472094972,
      "latency_sd_s": 1.1710619320176174,
      "latency_p95_s": 6.040999889373779
    },
    "live_multiple": {
      "category": "live_multiple",
      "total": 1053,
      "correct": 763,
      "accuracy": 0.724596391263058,
      "input_tokens": 1206633,
      "output_tokens": 110858,
      "total_tokens": 1317491,
      "api_calls": 1051,
      "cost": 26.413845000000002,
      "latency_mean_s": 6.097704812219226,
      "latency_sd_s": 2.725559473480367,
      "latency_p95_s": 9.831069946289062
    },
    "live_parallel": {
      "category": "live_parallel",
      "total": 16,
      "correct": 14,
      "accuracy": 0.875,
      "input_tokens": 12621,
      "output_tokens": 2960,
      "total_tokens": 15581,
      "api_calls": 16,
      "cost": 0.411315,
      "latency_mean_s": 5.566160649061203,
      "latency_sd_s": 1.4292551804438252,
      "latency_p95_s": 8.7604079246521
    },
    "live_parallel_multiple": {
      "category": "live_parallel_multiple",
      "total": 24,
      "correct": 18,
      "accuracy": 0.75,
      "input_tokens": 35282,
      "output_tokens": 4268,
      "total_tokens": 39550,
      "api_calls": 24,
      "cost": 0.8493299999999999,
      "latency_mean_s": 6.594844142595927,
      "latency_sd_s": 2.555766782723077,
      "latency_p95_s": 10.735249280929565
    },
    "multi_turn_base": {
      "category": "multi_turn_base",
      "total": 200,
      "correct": 169,
      "accuracy": 0.845,
      "input_tokens": 3711191,
      "output_tokens": 217571,
      "total_tokens": 3928762,
      "api_calls": 1949,
      "cost": 71.98569,
      "latency_mean_s": 34.98467870116234,
      "latency_sd_s": 15.28003369092798,
      "latency_p95_s": 63.23974871635437
    },
    "multi_turn_miss_func": {
      "category": "multi_turn_miss_func",
      "total": 200,
      "correct": 155,
      "accuracy": 0.775,
      "input_tokens": 3280427,
      "output_tokens": 246179,
      "total_tokens": 3526606,
      "api_calls": 2151,
      "cost": 67.66982999999999,
      "latency_mean_s": 39.93479038834572,
      "latency_sd_s": 12.881153839276635,
      "latency_p95_s": 63.59639501571655
    },
    "multi_turn_miss_param": {
      "category": "multi_turn_miss_param",
      "total": 200,
      "correct": 162,
      "accuracy": 0.81,
      "input_tokens": 4397936,
      "output_tokens": 268146,
      "total_tokens": 4666082,
      "api_calls": 2529,
      "cost": 86.07999,
      "latency_mean_s": 47.527691994905474,
      "latency_sd_s": 20.212951149636055,
      "latency_p95_s": 84.03293323516846
    },
    "multi_turn_long_context": {
      "category": "multi_turn_long_context",
      "total": 200,
      "correct": 167,
      "accuracy": 0.835,
      "input_tokens": 3715134,
      "output_tokens": 216891,
      "total_tokens": 3932025,
      "api_calls": 1959,
      "cost": 71.993835,
      "latency_mean_s": 38.19715847253799,
      "latency_sd_s": 17.58453547210255,
      "latency_p95_s": 68.87286591529846
    },
    "memory_kv": {
      "category": "memory_kv",
      "total": 155,
      "correct": 135,
      "accuracy": 0.8709677419354839,
      "input_tokens": 0,
      "output_tokens": 0,
      "total_tokens": 0,
      "api_calls": 0,
      "cost": 0.0,
      "latency_mean_s": 0.014857042989423199,
      "latency_sd_s": 0.006289066267804353,
      "latency_p95_s": 0.02827286720275879
    },
    "memory_vector": {
      "category": "memory_vector",
      "total": 155,
      "correct": 135,
      "accuracy": 0.8709677419354839,
      "input_tokens": 0,
      "output_tokens": 0,
      "total_tokens": 0,
      "api_calls": 0,
      "cost": 0.0,
      "latency_mean_s": 0.012860942655994046,
      "latency_sd_s": 0.004615484017373386,
      "latency_p95_s": 0.021152973175048828
    },
    "memory_rec_sum": {
      "category": "memory_rec_sum",
      "total": 155,
      "correct": 135,
      "accuracy": 0.8709677419354839,
      "input_tokens": 0,
      "output_tokens": 0,
      "total_tokens": 0,
      "api_calls": 0,
      "cost": 0.0,
      "latency_mean_s": 0.012283260591568486,
      "latency_sd_s": 0.004574207372259335,
      "latency_p95_s": 0.021116971969604492
    },
    "web_search_base": {
      "category": "web_search_base",
      "total": 100,
      "correct": 88,
      "accuracy": 0.88,
      "input_tokens": 555847,
      "output_tokens": 87500,
      "total_tokens": 643347,
      "api_calls": 599,
      "cost": 14.900205,